filename,type_a,type_b,type_c,type_d,echo,duration,relative_path
Pipistrellus_pipistrellus_DIG0112_11.wav,0,0,0,0,1,52.602078125,Echolocation\Pipistrellus_pipistrellus_DIG0112_11.wav
Pipistrellus_pipistrellus_DIG0141_08.wav,0,0,0,0,1,2.431901041666667,Echolocation\Pipistrellus_pipistrellus_DIG0141_08.wav
Pipistrellus_pipistrellus_DIG0141_29.wav,0,0,0,0,1,1.3653333333333333,Echolocation\Pipistrellus_pipistrellus_DIG0141_29.wav
Pipistrellus_pipistrellus_DIG0207_01.wav,0,0,0,0,1,25.32924,Echolocation\Pipistrellus_pipistrellus_DIG0207_01.wav
Pipistrellus_pipistrellus_DIG0213_01.wav,0,0,0,0,1,0.022109375,Echolocation\Pipistrellus_pipistrellus_DIG0213_01.wav
Pipistrellus_pipistrellus_DIG0213_02.wav,0,0,0,0,1,0.021057291666666665,Echolocation\Pipistrellus_pipistrellus_DIG0213_02.wav
Pipistrellus_pipistrellus_DIG0213_03.wav,0,0,0,0,1,0.018953125,Echolocation\Pipistrellus_pipistrellus_DIG0213_03.wav
Pipistrellus_pipistrellus_DIG0213_04.wav,0,0,0,0,1,0.018427083333333334,Echolocation\Pipistrellus_pipistrellus_DIG0213_04.wav
Pipistrellus_pipistrellus_DIG0213_05.wav,0,0,0,0,1,0.010322916666666666,Echolocation\Pipistrellus_pipistrellus_DIG0213_05.wav
Pipistrellus_pipistrellus_DIG0213_06.wav,0,0,0,0,1,0.047385416666666666,Echolocation\Pipistrellus_pipistrellus_DIG0213_06.wav
Pipistrellus_pipistrellus_DIG0213_07.wav,0,0,0,0,1,0.023994791666666668,Echolocation\Pipistrellus_pipistrellus_DIG0213_07.wav
Pipistrellus_pipistrellus_DIG0213_08.wav,0,0,0,0,1,0.014348958333333333,Echolocation\Pipistrellus_pipistrellus_DIG0213_08.wav
Pipistrellus_pipistrellus_DIG0213_09.wav,0,0,0,0,1,0.012635416666666666,Echolocation\Pipistrellus_pipistrellus_DIG0213_09.wav
Pipistrellus_pipistrellus_DIG0213_10.wav,0,0,0,0,1,0.0125,Echolocation\Pipistrellus_pipistrellus_DIG0213_10.wav
Pipistrellus_pipistrellus_Ski0014_54.wav,0,0,0,0,1,23.957864583333333,Echolocation\Pipistrellus_pipistrellus_Ski0014_54.wav
Pipistrellus_pipistrellus_Ski0019_18.wav,0,0,0,0,1,89.77375,Echolocation\Pipistrellus_pipistrellus_Ski0019_18.wav
Pipistrellus_pipistrellus_Ski0114_S2_From0634912ms_To0656318ms.wav,0,0,0,0,1,21.405989583333334,Echolocation\Pipistrellus_pipistrellus_Ski0114_S2_From0634912ms_To0656318ms.wav
Pipistrellus_pipistrellus_Ski0114_S2_From1881860ms_To1900334ms.wav,0,0,0,0,1,18.474302083333335,Echolocation\Pipistrellus_pipistrellus_Ski0114_S2_From1881860ms_To1900334ms.wav
Pipistrellus_pipistrellus_Ski0115_S2_From1112455ms_To1132732ms.wav,0,0,0,0,1,20.27753125,Echolocation\Pipistrellus_pipistrellus_Ski0115_S2_From1112455ms_To1132732ms.wav
Pipistrellus_pipistrellus_Ski0115_S2_From1183469ms_To1197310ms.wav,0,0,0,0,1,13.840583333333333,Echolocation\Pipistrellus_pipistrellus_Ski0115_S2_From1183469ms_To1197310ms.wav
XC1001698 - Common Pipistrelle - Pipistrellus pipistrellus.wav,0,0,1,0,1,14.189333333333334,type C\XC1001698 - Common Pipistrelle - Pipistrellus pipistrellus.wav
XC1004457 - Common Pipistrelle - Pipistrellus pipistrellus.wav,0,0,1,0,1,29.9995,type C\XC1004457 - Common Pipistrelle - Pipistrellus pipistrellus.wav
XC1004458 - Common Pipistrelle - Pipistrellus pipistrellus.wav,0,0,1,0,1,29.9995,type C\XC1004458 - Common Pipistrelle - Pipistrellus pipistrellus.wav
XC1004459 - Common Pipistrelle - Pipistrellus pipistrellus.wav,0,0,1,0,1,29.9995,type C\XC1004459 - Common Pipistrelle - Pipistrellus pipistrellus.wav
XC1004460 - Common Pipistrelle - Pipistrellus pipistrellus.wav,0,0,1,0,1,29.9995,type C\XC1004460 - Common Pipistrelle - Pipistrellus pipistrellus.wav
XC1005396 - Common Pipistrelle - Pipistrellus pipistrellus.wav,0,0,0,1,1,20.3956224,type D\XC1005396 - Common Pipistrelle - Pipistrellus pipistrellus.wav
XC1006424 - Common Pipistrelle - Pipistrellus pipistrellus.wav,0,1,0,0,1,29.9995,type B\XC1006424 - Common Pipistrelle - Pipistrellus pipistrellus.wav
XC1006433 - Common Pipistrelle - Pipistrellus pipistrellus.wav,0,1,1,0,1,19.2015,type B\XC1006433 - Common Pipistrelle - Pipistrellus pipistrellus.wav
XC1006436 - Common Pipistrelle - Pipistrellus pipistrellus.wav,0,0,1,0,1,29.9995,type C\XC1006436 - Common Pipistrelle - Pipistrellus pipistrellus.wav
XC1006918 - Common Pipistrelle - Pipistrellus pipistrellus.wav,0,0,1,0,1,15.207,type C\XC1006918 - Common Pipistrelle - Pipistrellus pipistrellus.wav
XC1006920 - Common Pipistrelle - Pipistrellus pipistrellus.wav,0,0,1,0,1,22.676,type C\XC1006920 - Common Pipistrelle - Pipistrellus pipistrellus.wav
XC1008065 - Common Pipistrelle - Pipistrellus pipistrellus.wav,0,0,1,0,1,29.9995,type C\XC1008065 - Common Pipistrelle - Pipistrellus pipistrellus.wav
XC1008066 - Common Pipistrelle - Pipistrellus pipistrellus.wav,0,1,1,0,1,29.9995,type B\XC1008066 - Common Pipistrelle - Pipistrellus pipistrellus.wav
XC1008567 - Common Pipistrelle - Pipistrellus pipistrellus.wav,0,0,1,0,1,15.016,type C\XC1008567 - Common Pipistrelle - Pipistrellus pipistrellus.wav
XC1008570 - Common Pipistrelle - Pipistrellus pipistrellus.wav,0,0,1,0,1,29.9995,type C\XC1008570 - Common Pipistrelle - Pipistrellus pipistrellus.wav
XC1008575 - Common Pipistrelle - Pipistrellus pipistrellus.wav,0,0,1,0,1,29.9995,type C\XC1008575 - Common Pipistrelle - Pipistrellus pipistrellus.wav
XC1008689 - Common Pipistrelle - Pipistrellus pipistrellus.wav,0,0,0,1,1,1.5024128,type D\XC1008689 - Common Pipistrelle - Pipistrellus pipistrellus.wav
XC1008692 - Common Pipistrelle - Pipistrellus pipistrellus.wav,0,0,0,1,1,2.0865024,type D\XC1008692 - Common Pipistrelle - Pipistrellus pipistrellus.wav
XC1008953 - Common Pipistrelle - Pipistrellus pipistrellus.wav,0,0,1,0,1,13.6595,type C\XC1008953 - Common Pipistrelle - Pipistrellus pipistrellus.wav
XC1008955 - Common Pipistrelle - Pipistrellus pipistrellus.wav,0,0,1,0,1,29.9995,type C\XC1008955 - Common Pipistrelle - Pipistrellus pipistrellus.wav
XC1008958 - Common Pipistrelle - Pipistrellus pipistrellus.wav,1,0,1,0,1,24.9645,type A\XC1008958 - Common Pipistrelle - Pipistrellus pipistrellus.wav
XC1009767 - Common Pipistrelle - Pipistrellus pipistrellus.wav,0,0,1,0,1,20.393984,type C\XC1009767 - Common Pipistrelle - Pipistrellus pipistrellus.wav
XC1009768 - Common Pipistrelle - Pipistrellus pipistrellus.wav,0,0,1,1,1,29.9995,type C\XC1009768 - Common Pipistrelle - Pipistrellus pipistrellus.wav
XC1010898 - Common Pipistrelle - Pipistrellus pipistrellus.wav,0,0,1,0,1,5.59,type C\XC1010898 - Common Pipistrelle - Pipistrellus pipistrellus.wav
XC1010902 - Common Pipistrelle - Pipistrellus pipistrellus.wav,0,0,1,0,1,20.3956224,type C\XC1010902 - Common Pipistrelle - Pipistrellus pipistrellus.wav
XC1013534 - Common Pipistrelle - Pipistrellus pipistrellus.wav,1,1,1,0,0,17.9995,type A\XC1013534 - Common Pipistrelle - Pipistrellus pipistrellus.wav
XC1013539 - Common Pipistrelle - Pipistrellus pipistrellus.wav,1,1,1,0,0,17.9995,type A\XC1013539 - Common Pipistrelle - Pipistrellus pipistrellus.wav
XC1013543 - Common Pipistrelle - Pipistrellus pipistrellus.wav,1,1,0,0,0,11.9305,type A\XC1013543 - Common Pipistrelle - Pipistrellus pipistrellus.wav
XC1013548 - Common Pipistrelle - Pipistrellus pipistrellus.wav,1,0,0,0,0,4.061,type A\XC1013548 - Common Pipistrelle - Pipistrellus pipistrellus.wav
XC1014669 - Common Pipistrelle - Pipistrellus pipistrellus.wav,0,0,1,0,1,4.7177728,type C\XC1014669 - Common Pipistrelle - Pipistrellus pipistrellus.wav
XC1014671 - Common Pipistrelle - Pipistrellus pipistrellus.wav,0,0,1,0,0,3.1215,type C\XC1014671 - Common Pipistrelle - Pipistrellus pipistrellus.wav
XC1014672 - Common Pipistrelle - Pipistrellus pipistrellus.wav,0,0,1,0,1,3.289088,type C\XC1014672 - Common Pipistrelle - Pipistrellus pipistrellus.wav
XC1014673 - Common Pipistrelle - Pipistrellus pipistrellus.wav,0,0,1,0,1,15.642,type C\XC1014673 - Common Pipistrelle - Pipistrellus pipistrellus.wav
XC1014674 - Common Pipistrelle - Pipistrellus pipistrellus.wav,0,0,1,0,1,7.495,type C\XC1014674 - Common Pipistrelle - Pipistrellus pipistrellus.wav
XC1015588 - Common Pipistrelle - Pipistrellus pipistrellus.wav,0,0,1,0,1,6.7780608,type C\XC1015588 - Common Pipistrelle - Pipistrellus pipistrellus.wav
XC1015594 - Common Pipistrelle - Pipistrellus pipistrellus.wav,0,0,1,0,1,8.446,type C\XC1015594 - Common Pipistrelle - Pipistrellus pipistrellus.wav
XC1015597 - Common Pipistrelle - Pipistrellus pipistrellus.wav,0,0,1,0,1,13.3075,type C\XC1015597 - Common Pipistrelle - Pipistrellus pipistrellus.wav
XC1016856 - Common Pipistrelle - Pipistrellus pipistrellus.wav,0,0,1,0,1,7.3023488,type C\XC1016856 - Common Pipistrelle - Pipistrellus pipistrellus.wav
XC1016857 - Common Pipistrelle - Pipistrellus pipistrellus.wav,0,0,1,0,1,12.6337024,type C\XC1016857 - Common Pipistrelle - Pipistrellus pipistrellus.wav
XC1016859 - Common Pipistrelle - Pipistrellus pipistrellus.wav,0,0,1,0,1,7.57,type C\XC1016859 - Common Pipistrelle - Pipistrellus pipistrellus.wav
XC1016860 - Common Pipistrelle - Pipistrellus pipistrellus.wav,0,0,1,0,1,29.9995,type C\XC1016860 - Common Pipistrelle - Pipistrellus pipistrellus.wav
XC1016897 - Common Pipistrelle - Pipistrellus pipistrellus.wav,0,0,1,0,1,2.10944,type C\XC1016897 - Common Pipistrelle - Pipistrellus pipistrellus.wav
XC1016898 - Common Pipistrelle - Pipistrellus pipistrellus.wav,0,0,1,0,1,3.7945344,type C\XC1016898 - Common Pipistrelle - Pipistrellus pipistrellus.wav
XC1016900 - Common Pipistrelle - Pipistrellus pipistrellus.wav,0,0,1,0,1,1.6392192,type C\XC1016900 - Common Pipistrelle - Pipistrellus pipistrellus.wav
XC1017054 - Common Pipistrelle - Pipistrellus pipistrellus.wav,0,0,1,0,1,14.6385,type C\XC1017054 - Common Pipistrelle - Pipistrellus pipistrellus.wav
XC1017104 - Common Pipistrelle - Pipistrellus pipistrellus.wav,0,0,1,0,1,12.8237568,type C\XC1017104 - Common Pipistrelle - Pipistrellus pipistrellus.wav
XC1017107 - Common Pipistrelle - Pipistrellus pipistrellus.wav,0,0,1,0,1,20.4955648,type C\XC1017107 - Common Pipistrelle - Pipistrellus pipistrellus.wav
XC1017108 - Common Pipistrelle - Pipistrellus pipistrellus.wav,0,0,1,0,1,7.8938112,type C\XC1017108 - Common Pipistrelle - Pipistrellus pipistrellus.wav
XC1017109 - Common Pipistrelle - Pipistrellus pipistrellus.wav,0,0,1,0,1,20.496384,type C\XC1017109 - Common Pipistrelle - Pipistrellus pipistrellus.wav
XC1017412 - Common Pipistrelle - Pipistrellus pipistrellus.wav,0,0,1,0,1,3.1318016,type C\XC1017412 - Common Pipistrelle - Pipistrellus pipistrellus.wav
XC1025256 - Common Pipistrelle - Pipistrellus pipistrellus.wav,0,0,0,0,1,96.0805,Echolocation\XC1025256 - Common Pipistrelle - Pipistrellus pipistrellus.wav
XC1029741 - Common Pipistrelle - Pipistrellus pipistrellus.wav,0,0,0,1,1,5.9932672,type D\XC1029741 - Common Pipistrelle - Pipistrellus pipistrellus.wav
XC1031066 - Common Pipistrelle - Pipistrellus pipistrellus.wav,0,0,0,1,1,8.7728128,type D\XC1031066 - Common Pipistrelle - Pipistrellus pipistrellus.wav
XC1031072 - Common Pipistrelle - Pipistrellus pipistrellus.wav,0,0,0,1,1,14.21312,type D\XC1031072 - Common Pipistrelle - Pipistrellus pipistrellus.wav
XC1031074 - Common Pipistrelle - Pipistrellus pipistrellus.wav,0,0,0,1,1,3.6144512,type D\XC1031074 - Common Pipistrelle - Pipistrellus pipistrellus.wav
XC1031414 - Common Pipistrelle - Pipistrellus pipistrellus.wav,0,0,0,1,1,20.4955648,type D\XC1031414 - Common Pipistrelle - Pipistrellus pipistrellus.wav
XC1031435 - Common Pipistrelle - Pipistrellus pipistrellus.wav,0,0,0,1,1,29.9995,type D\XC1031435 - Common Pipistrelle - Pipistrellus pipistrellus.wav
XC1031440 - Common Pipistrelle - Pipistrellus pipistrellus.wav,0,0,0,1,1,29.9995,type D\XC1031440 - Common Pipistrelle - Pipistrellus pipistrellus.wav
XC1031442 - Common Pipistrelle - Pipistrellus pipistrellus.wav,0,0,0,1,1,29.9995,type D\XC1031442 - Common Pipistrelle - Pipistrellus pipistrellus.wav
XC1031443 - Common Pipistrelle - Pipistrellus pipistrellus.wav,0,0,0,1,1,22.688,type D\XC1031443 - Common Pipistrelle - Pipistrellus pipistrellus.wav
XC1033435 - Common Pipistrelle - Pipistrellus pipistrellus.wav,0,0,1,0,1,7.7766656,type C\XC1033435 - Common Pipistrelle - Pipistrellus pipistrellus.wav
XC1036934 - Common Pipistrelle - Pipistrellus pipistrellus.wav,0,0,0,1,1,5.4116352,type D\XC1036934 - Common Pipistrelle - Pipistrellus pipistrellus.wav
XC1036943 - Common Pipistrelle - Pipistrellus pipistrellus.wav,0,0,0,1,1,6.6215936,type D\XC1036943 - Common Pipistrelle - Pipistrellus pipistrellus.wav
XC1039166 - Common Pipistrelle - Pipistrellus pipistrellus.wav,0,0,0,0,1,94.64163265306122,Echolocation\XC1039166 - Common Pipistrelle - Pipistrellus pipistrellus.wav
XC1042785 - Common Pipistrelle - Pipistrellus pipistrellus.wav,0,0,0,1,1,13.1538944,type D\XC1042785 - Common Pipistrelle - Pipistrellus pipistrellus.wav
XC1044707 - Common Pipistrelle - Pipistrellus pipistrellus.wav,0,0,0,0,1,0.0,Echolocation\XC1044707 - Common Pipistrelle - Pipistrellus pipistrellus.wav
XC1044708 - Common Pipistrelle - Pipistrellus pipistrellus.wav,0,0,0,0,1,0.0,Echolocation\XC1044708 - Common Pipistrelle - Pipistrellus pipistrellus.wav
XC1044709 - Common Pipistrelle - Pipistrellus pipistrellus.wav,0,0,0,0,1,0.0,Echolocation\XC1044709 - Common Pipistrelle - Pipistrellus pipistrellus.wav
XC1048077 - Common Pipistrelle - Pipistrellus pipistrellus.wav,0,0,0,1,1,9.2258304,type D\XC1048077 - Common Pipistrelle - Pipistrellus pipistrellus.wav
XC805694 - Common Pipistrelle - Pipistrellus pipistrellus.wav,0,0,0,0,1,4.060809895833334,Echolocation\XC805694 - Common Pipistrelle - Pipistrellus pipistrellus.wav
XC806350 - Common Pipistrelle - Pipistrellus pipistrellus.wav,0,0,0,0,1,3.9995,Echolocation\XC806350 - Common Pipistrelle - Pipistrellus pipistrellus.wav
XC807809 - Common Pipistrelle - Pipistrellus pipistrellus.wav,0,0,0,0,1,9.809,Echolocation\XC807809 - Common Pipistrelle - Pipistrellus pipistrellus.wav
XC816644 - Common Pipistrelle - Pipistrellus pipistrellus.wav,0,0,0,0,1,12.7725,Echolocation\XC816644 - Common Pipistrelle - Pipistrellus pipistrellus.wav
XC822428 - Common Pipistrelle - Pipistrellus pipistrellus.wav,0,0,0,0,1,3.629968,Echolocation\XC822428 - Common Pipistrelle - Pipistrellus pipistrellus.wav
XC823072 - Common Pipistrelle - Pipistrellus pipistrellus.wav,0,0,0,1,0,14.9995,type D\XC823072 - Common Pipistrelle - Pipistrellus pipistrellus.wav
XC834236 - Common Pipistrelle - Pipistrellus pipistrellus.wav,0,0,0,0,1,4.0,Echolocation\XC834236 - Common Pipistrelle - Pipistrellus pipistrellus.wav
XC834242 - Common Pipistrelle - Pipistrellus pipistrellus.wav,0,0,0,0,1,4.0,Echolocation\XC834242 - Common Pipistrelle - Pipistrellus pipistrellus.wav
XC844473 - Common Pipistrelle - Pipistrellus pipistrellus.wav,0,0,0,0,1,7.44,Echolocation\XC844473 - Common Pipistrelle - Pipistrellus pipistrellus.wav
XC844474 - Common Pipistrelle - Pipistrellus pipistrellus.wav,0,0,0,0,1,10.0,Echolocation\XC844474 - Common Pipistrelle - Pipistrellus pipistrellus.wav
XC844475 - Common Pipistrelle - Pipistrellus pipistrellus.wav,0,0,0,0,1,6.28,Echolocation\XC844475 - Common Pipistrelle - Pipistrellus pipistrellus.wav
XC844476 - Common Pipistrelle - Pipistrellus pipistrellus.wav,0,0,0,0,1,5.84,Echolocation\XC844476 - Common Pipistrelle - Pipistrellus pipistrellus.wav
XC844477 - Common Pipistrelle - Pipistrellus pipistrellus.wav,0,0,0,0,1,8.72,Echolocation\XC844477 - Common Pipistrelle - Pipistrellus pipistrellus.wav
XC904258 - Common Pipistrelle - Pipistrellus pipistrellus.wav,0,0,0,0,1,15.0,Echolocation\XC904258 - Common Pipistrelle - Pipistrellus pipistrellus.wav
XC904267 - Common Pipistrelle - Pipistrellus pipistrellus.wav,0,0,0,0,1,15.0,Echolocation\XC904267 - Common Pipistrelle - Pipistrellus pipistrellus.wav
XC905754 - Common Pipistrelle - Pipistrellus pipistrellus.wav,0,0,0,0,1,7.5625,Echolocation\XC905754 - Common Pipistrelle - Pipistrellus pipistrellus.wav
XC911022 - Common Pipistrelle - Pipistrellus pipistrellus.wav,0,1,0,0,0,5.425,type B\XC911022 - Common Pipistrelle - Pipistrellus pipistrellus.wav
XC911024 - Common Pipistrelle - Pipistrellus pipistrellus.wav,0,1,0,0,0,14.7865,type B\XC911024 - Common Pipistrelle - Pipistrellus pipistrellus.wav
XC911327 - Common Pipistrelle - Pipistrellus pipistrellus.wav,0,0,0,1,1,12.587,type D\XC911327 - Common Pipistrelle - Pipistrellus pipistrellus.wav
XC911329 - Common Pipistrelle - Pipistrellus pipistrellus.wav,0,0,0,1,1,14.943,type D\XC911329 - Common Pipistrelle - Pipistrellus pipistrellus.wav
XC911624 - Common Pipistrelle - Pipistrellus pipistrellus.wav,0,0,1,0,1,27.072,type C\XC911624 - Common Pipistrelle - Pipistrellus pipistrellus.wav
XC911704 - Common Pipistrelle - Pipistrellus pipistrellus.wav,0,1,0,0,0,8.3115,type B\XC911704 - Common Pipistrelle - Pipistrellus pipistrellus.wav
XC911706 - Common Pipistrelle - Pipistrellus pipistrellus.wav,1,1,0,0,1,28.7665,type A\XC911706 - Common Pipistrelle - Pipistrellus pipistrellus.wav
XC911707 - Common Pipistrelle - Pipistrellus pipistrellus.wav,0,1,0,0,1,29.9995,type B\XC911707 - Common Pipistrelle - Pipistrellus pipistrellus.wav
XC911722 - Common Pipistrelle - Pipistrellus pipistrellus.wav,0,0,1,0,1,29.9995,type C\XC911722 - Common Pipistrelle - Pipistrellus pipistrellus.wav
XC911738 - Common Pipistrelle - Pipistrellus pipistrellus.wav,0,0,1,0,1,29.9995,type C\XC911738 - Common Pipistrelle - Pipistrellus pipistrellus.wav
XC911742 - Common Pipistrelle - Pipistrellus pipistrellus.wav,0,0,1,0,1,29.5105,type C\XC911742 - Common Pipistrelle - Pipistrellus pipistrellus.wav
XC911791 - Common Pipistrelle - Pipistrellus pipistrellus.wav,0,1,0,0,1,29.9995,type B\XC911791 - Common Pipistrelle - Pipistrellus pipistrellus.wav
XC911794 - Common Pipistrelle - Pipistrellus pipistrellus.wav,0,1,0,0,1,29.9995,type B\XC911794 - Common Pipistrelle - Pipistrellus pipistrellus.wav
XC911796 - Common Pipistrelle - Pipistrellus pipistrellus.wav,0,1,0,0,1,13.4485,type B\XC911796 - Common Pipistrelle - Pipistrellus pipistrellus.wav
XC911797 - Common Pipistrelle - Pipistrellus pipistrellus.wav,0,1,0,0,1,21.411,type B\XC911797 - Common Pipistrelle - Pipistrellus pipistrellus.wav
XC911804 - Common Pipistrelle - Pipistrellus pipistrellus.wav,0,0,1,0,1,12.1,type C\XC911804 - Common Pipistrelle - Pipistrellus pipistrellus.wav
XC912063 - Common Pipistrelle - Pipistrellus pipistrellus.wav,0,0,0,1,1,24.7085,type D\XC912063 - Common Pipistrelle - Pipistrellus pipistrellus.wav
XC912090 - Common Pipistrelle - Pipistrellus pipistrellus.wav,0,0,0,0,1,14.3055,Echolocation\XC912090 - Common Pipistrelle - Pipistrellus pipistrellus.wav
XC913224 - Common Pipistrelle - Pipistrellus pipistrellus.wav,0,1,0,0,0,19.9995,type B\XC913224 - Common Pipistrelle - Pipistrellus pipistrellus.wav
XC913225 - Common Pipistrelle - Pipistrellus pipistrellus.wav,1,1,0,0,0,19.0465,type A\XC913225 - Common Pipistrelle - Pipistrellus pipistrellus.wav
XC913226 - Common Pipistrelle - Pipistrellus pipistrellus.wav,0,1,0,0,0,8.8385,type B\XC913226 - Common Pipistrelle - Pipistrellus pipistrellus.wav
XC913227 - Common Pipistrelle - Pipistrellus pipistrellus.wav,0,1,1,0,0,19.9995,type B\XC913227 - Common Pipistrelle - Pipistrellus pipistrellus.wav
XC913228 - Common Pipistrelle - Pipistrellus pipistrellus.wav,1,1,1,0,0,19.9995,type A\XC913228 - Common Pipistrelle - Pipistrellus pipistrellus.wav
XC913229 - Common Pipistrelle - Pipistrellus pipistrellus.wav,1,1,0,0,0,10.8195,type A\XC913229 - Common Pipistrelle - Pipistrellus pipistrellus.wav
XC913230 - Common Pipistrelle - Pipistrellus pipistrellus.wav,0,1,0,0,0,19.9995,type B\XC913230 - Common Pipistrelle - Pipistrellus pipistrellus.wav
XC913231 - Common Pipistrelle - Pipistrellus pipistrellus.wav,1,1,0,0,0,17.5025,type A\XC913231 - Common Pipistrelle - Pipistrellus pipistrellus.wav
XC913232 - Common Pipistrelle - Pipistrellus pipistrellus.wav,0,0,1,0,0,8.072,type C\XC913232 - Common Pipistrelle - Pipistrellus pipistrellus.wav
XC913233 - Common Pipistrelle - Pipistrellus pipistrellus.wav,0,1,0,0,0,4.186,type B\XC913233 - Common Pipistrelle - Pipistrellus pipistrellus.wav
XC913235 - Common Pipistrelle - Pipistrellus pipistrellus.wav,0,1,0,0,0,19.9995,type B\XC913235 - Common Pipistrelle - Pipistrellus pipistrellus.wav
XC913236 - Common Pipistrelle - Pipistrellus pipistrellus.wav,0,1,1,0,0,19.9995,type B\XC913236 - Common Pipistrelle - Pipistrellus pipistrellus.wav
XC913238 - Common Pipistrelle - Pipistrellus pipistrellus.wav,0,1,0,0,0,11.973,type B\XC913238 - Common Pipistrelle - Pipistrellus pipistrellus.wav
XC913239 - Common Pipistrelle - Pipistrellus pipistrellus.wav,0,1,0,0,0,12.356,type B\XC913239 - Common Pipistrelle - Pipistrellus pipistrellus.wav
XC913241 - Common Pipistrelle - Pipistrellus pipistrellus.wav,1,0,1,0,1,13.613,type A\XC913241 - Common Pipistrelle - Pipistrellus pipistrellus.wav
XC913242 - Common Pipistrelle - Pipistrellus pipistrellus.wav,0,1,1,0,0,19.9995,type B\XC913242 - Common Pipistrelle - Pipistrellus pipistrellus.wav
XC913244 - Common Pipistrelle - Pipistrellus pipistrellus.wav,0,0,1,0,1,13.367,type C\XC913244 - Common Pipistrelle - Pipistrellus pipistrellus.wav
XC913245 - Common Pipistrelle - Pipistrellus pipistrellus.wav,0,1,0,0,1,8.8115,type B\XC913245 - Common Pipistrelle - Pipistrellus pipistrellus.wav
XC913247 - Common Pipistrelle - Pipistrellus pipistrellus.wav,1,0,1,0,0,3.3475,type A\XC913247 - Common Pipistrelle - Pipistrellus pipistrellus.wav
XC913292 - Common Pipistrelle - Pipistrellus pipistrellus.wav,0,1,0,0,1,11.545,type B\XC913292 - Common Pipistrelle - Pipistrellus pipistrellus.wav
XC913294 - Common Pipistrelle - Pipistrellus pipistrellus.wav,0,1,0,0,0,8.11,type B\XC913294 - Common Pipistrelle - Pipistrellus pipistrellus.wav
XC913296 - Common Pipistrelle - Pipistrellus pipistrellus.wav,0,1,0,0,0,4.8325,type B\XC913296 - Common Pipistrelle - Pipistrellus pipistrellus.wav
XC913297 - Common Pipistrelle - Pipistrellus pipistrellus.wav,0,1,0,0,0,11.673,type B\XC913297 - Common Pipistrelle - Pipistrellus pipistrellus.wav
XC913612 - Common Pipistrelle - Pipistrellus pipistrellus.wav,0,0,1,1,1,12.9375,type C\XC913612 - Common Pipistrelle - Pipistrellus pipistrellus.wav
XC913914 - Common Pipistrelle - Pipistrellus pipistrellus.wav,0,0,0,1,1,30.9995,type D\XC913914 - Common Pipistrelle - Pipistrellus pipistrellus.wav
XC914381 - Common Pipistrelle - Pipistrellus pipistrellus.wav,0,0,0,0,1,4.9922048,Echolocation\XC914381 - Common Pipistrelle - Pipistrellus pipistrellus.wav
XC914551 - Common Pipistrelle - Pipistrellus pipistrellus.wav,0,0,0,1,1,26.0295,type D\XC914551 - Common Pipistrelle - Pipistrellus pipistrellus.wav
XC914851 - Common Pipistrelle - Pipistrellus pipistrellus.wav,0,1,0,0,0,8.889,type B\XC914851 - Common Pipistrelle - Pipistrellus pipistrellus.wav
XC914852 - Common Pipistrelle - Pipistrellus pipistrellus.wav,0,1,1,0,1,29.9995,type B\XC914852 - Common Pipistrelle - Pipistrellus pipistrellus.wav
XC914874 - Common Pipistrelle - Pipistrellus pipistrellus.wav,0,1,1,0,0,9.973,type B\XC914874 - Common Pipistrelle - Pipistrellus pipistrellus.wav
XC914875 - Common Pipistrelle - Pipistrellus pipistrellus.wav,0,1,1,0,0,14.286,type B\XC914875 - Common Pipistrelle - Pipistrellus pipistrellus.wav
XC914876 - Common Pipistrelle - Pipistrellus pipistrellus.wav,0,1,1,0,1,18.2185,type B\XC914876 - Common Pipistrelle - Pipistrellus pipistrellus.wav
XC914877 - Common Pipistrelle - Pipistrellus pipistrellus.wav,0,1,0,0,0,13.729,type B\XC914877 - Common Pipistrelle - Pipistrellus pipistrellus.wav
XC914901 - Common Pipistrelle - Pipistrellus pipistrellus.wav,0,0,0,0,1,26.0995,Echolocation\XC914901 - Common Pipistrelle - Pipistrellus pipistrellus.wav
XC915120 - Common Pipistrelle - Pipistrellus pipistrellus.wav,0,0,1,0,1,29.9995,type C\XC915120 - Common Pipistrelle - Pipistrellus pipistrellus.wav
XC915126 - Common Pipistrelle - Pipistrellus pipistrellus.wav,0,1,0,0,1,29.9995,type B\XC915126 - Common Pipistrelle - Pipistrellus pipistrellus.wav
XC915127 - Common Pipistrelle - Pipistrellus pipistrellus.wav,0,1,0,0,1,29.9995,type B\XC915127 - Common Pipistrelle - Pipistrellus pipistrellus.wav
XC915130 - Common Pipistrelle - Pipistrellus pipistrellus.wav,0,1,1,0,1,28.28,type B\XC915130 - Common Pipistrelle - Pipistrellus pipistrellus.wav
XC915131 - Common Pipistrelle - Pipistrellus pipistrellus.wav,0,1,1,0,1,29.9995,type B\XC915131 - Common Pipistrelle - Pipistrellus pipistrellus.wav
XC915341 - Common Pipistrelle - Pipistrellus pipistrellus.wav,0,0,1,0,1,10.807,type C\XC915341 - Common Pipistrelle - Pipistrellus pipistrellus.wav
XC915342 - Common Pipistrelle - Pipistrellus pipistrellus.wav,0,0,1,0,1,13.368,type C\XC915342 - Common Pipistrelle - Pipistrellus pipistrellus.wav
XC915347 - Common Pipistrelle - Pipistrellus pipistrellus.wav,0,0,1,0,1,29.9995,type C\XC915347 - Common Pipistrelle - Pipistrellus pipistrellus.wav
XC915766 - Common Pipistrelle - Pipistrellus pipistrellus.wav,0,0,1,0,1,6.4775,type C\XC915766 - Common Pipistrelle - Pipistrellus pipistrellus.wav
XC916039 - Common Pipistrelle - Pipistrellus pipistrellus.wav,0,0,1,0,1,7.503,type C\XC916039 - Common Pipistrelle - Pipistrellus pipistrellus.wav
XC916881 - Common Pipistrelle - Pipistrellus pipistrellus.wav,0,1,1,0,0,29.9995,type B\XC916881 - Common Pipistrelle - Pipistrellus pipistrellus.wav
XC916882 - Common Pipistrelle - Pipistrellus pipistrellus.wav,0,1,1,0,1,22.148,type B\XC916882 - Common Pipistrelle - Pipistrellus pipistrellus.wav
XC916883 - Common Pipistrelle - Pipistrellus pipistrellus.wav,0,1,0,0,1,29.9995,type B\XC916883 - Common Pipistrelle - Pipistrellus pipistrellus.wav
XC917041 - Common Pipistrelle - Pipistrellus pipistrellus.wav,0,0,1,0,1,24.9775,type C\XC917041 - Common Pipistrelle - Pipistrellus pipistrellus.wav
XC917042 - Common Pipistrelle - Pipistrellus pipistrellus.wav,0,0,1,0,1,24.7685,type C\XC917042 - Common Pipistrelle - Pipistrellus pipistrellus.wav
XC917050 - Common Pipistrelle - Pipistrellus pipistrellus.wav,0,0,1,0,1,21.948,type C\XC917050 - Common Pipistrelle - Pipistrellus pipistrellus.wav
XC917051 - Common Pipistrelle - Pipistrellus pipistrellus.wav,0,1,1,0,1,19.69,type B\XC917051 - Common Pipistrelle - Pipistrellus pipistrellus.wav
XC917053 - Common Pipistrelle - Pipistrellus pipistrellus.wav,0,0,1,0,1,29.9995,type C\XC917053 - Common Pipistrelle - Pipistrellus pipistrellus.wav
XC917057 - Common Pipistrelle - Pipistrellus pipistrellus.wav,0,0,1,0,1,29.9995,type C\XC917057 - Common Pipistrelle - Pipistrellus pipistrellus.wav
XC917062 - Common Pipistrelle - Pipistrellus pipistrellus.wav,0,1,0,0,1,29.9995,type B\XC917062 - Common Pipistrelle - Pipistrellus pipistrellus.wav
XC917078 - Common Pipistrelle - Pipistrellus pipistrellus.wav,0,0,1,0,1,7.227,type C\XC917078 - Common Pipistrelle - Pipistrellus pipistrellus.wav
XC917123 - Common Pipistrelle - Pipistrellus pipistrellus.wav,0,1,0,0,1,35.873,type B\XC917123 - Common Pipistrelle - Pipistrellus pipistrellus.wav
XC917370 - Common Pipistrelle - Pipistrellus pipistrellus.wav,0,1,0,0,1,14.9995,type B\XC917370 - Common Pipistrelle - Pipistrellus pipistrellus.wav
XC917411 - Common Pipistrelle - Pipistrellus pipistrellus.wav,0,1,0,0,1,29.9995,type B\XC917411 - Common Pipistrelle - Pipistrellus pipistrellus.wav
XC917413 - Common Pipistrelle - Pipistrellus pipistrellus.wav,0,0,1,0,1,29.9995,type C\XC917413 - Common Pipistrelle - Pipistrellus pipistrellus.wav
XC917414 - Common Pipistrelle - Pipistrellus pipistrellus.wav,0,0,1,0,1,29.9995,type C\XC917414 - Common Pipistrelle - Pipistrellus pipistrellus.wav
XC917416 - Common Pipistrelle - Pipistrellus pipistrellus.wav,0,1,1,0,1,29.9995,type B\XC917416 - Common Pipistrelle - Pipistrellus pipistrellus.wav
XC917417 - Common Pipistrelle - Pipistrellus pipistrellus.wav,0,0,1,0,1,29.9995,type C\XC917417 - Common Pipistrelle - Pipistrellus pipistrellus.wav
XC917419 - Common Pipistrelle - Pipistrellus pipistrellus.wav,0,1,1,0,1,29.9995,type B\XC917419 - Common Pipistrelle - Pipistrellus pipistrellus.wav
XC917421 - Common Pipistrelle - Pipistrellus pipistrellus.wav,0,0,1,0,1,29.9995,type C\XC917421 - Common Pipistrelle - Pipistrellus pipistrellus.wav
XC917806 - Common Pipistrelle - Pipistrellus pipistrellus.wav,0,0,1,0,1,29.9995,type C\XC917806 - Common Pipistrelle - Pipistrellus pipistrellus.wav
XC917808 - Common Pipistrelle - Pipistrellus pipistrellus.wav,0,0,1,0,1,29.9995,type C\XC917808 - Common Pipistrelle - Pipistrellus pipistrellus.wav
XC917912 - Common Pipistrelle - Pipistrellus pipistrellus.wav,0,0,1,0,1,29.9995,type C\XC917912 - Common Pipistrelle - Pipistrellus pipistrellus.wav
XC917970 - Common Pipistrelle - Pipistrellus pipistrellus.wav,0,0,1,0,1,24.3395,type C\XC917970 - Common Pipistrelle - Pipistrellus pipistrellus.wav
XC917978 - Common Pipistrelle - Pipistrellus pipistrellus.wav,0,0,1,0,1,12.0325,type C\XC917978 - Common Pipistrelle - Pipistrellus pipistrellus.wav
XC918314 - Common Pipistrelle - Pipistrellus pipistrellus.wav,0,1,1,0,1,29.9995,type B\XC918314 - Common Pipistrelle - Pipistrellus pipistrellus.wav
XC918328 - Common Pipistrelle - Pipistrellus pipistrellus.wav,0,1,0,0,1,23.523,type B\XC918328 - Common Pipistrelle - Pipistrellus pipistrellus.wav
XC918331 - Common Pipistrelle - Pipistrellus pipistrellus.wav,0,1,0,0,0,14.585,type B\XC918331 - Common Pipistrelle - Pipistrellus pipistrellus.wav
XC918349 - Common Pipistrelle - Pipistrellus pipistrellus.wav,0,0,1,0,1,12.895,type C\XC918349 - Common Pipistrelle - Pipistrellus pipistrellus.wav
XC918394 - Common Pipistrelle - Pipistrellus pipistrellus.wav,0,0,1,0,1,29.9995,type C\XC918394 - Common Pipistrelle - Pipistrellus pipistrellus.wav
XC918395 - Common Pipistrelle - Pipistrellus pipistrellus.wav,0,0,1,0,1,16.3745,type C\XC918395 - Common Pipistrelle - Pipistrellus pipistrellus.wav
XC918592 - Common Pipistrelle - Pipistrellus pipistrellus.wav,0,0,1,0,1,29.9995,type C\XC918592 - Common Pipistrelle - Pipistrellus pipistrellus.wav
XC918593 - Common Pipistrelle - Pipistrellus pipistrellus.wav,0,0,1,0,1,21.8895,type C\XC918593 - Common Pipistrelle - Pipistrellus pipistrellus.wav
XC918594 - Common Pipistrelle - Pipistrellus pipistrellus.wav,0,0,1,0,1,29.9995,type C\XC918594 - Common Pipistrelle - Pipistrellus pipistrellus.wav
XC918791 - Common Pipistrelle - Pipistrellus pipistrellus.wav,0,0,1,0,0,8.7945,type C\XC918791 - Common Pipistrelle - Pipistrellus pipistrellus.wav
XC918794 - Common Pipistrelle - Pipistrellus pipistrellus.wav,0,0,1,0,0,29.9995,type C\XC918794 - Common Pipistrelle - Pipistrellus pipistrellus.wav
XC918797 - Common Pipistrelle - Pipistrellus pipistrellus.wav,0,0,1,0,0,5.254,type C\XC918797 - Common Pipistrelle - Pipistrellus pipistrellus.wav
XC918799 - Common Pipistrelle - Pipistrellus pipistrellus.wav,0,0,1,0,0,16.4795,type C\XC918799 - Common Pipistrelle - Pipistrellus pipistrellus.wav
XC918811 - Common Pipistrelle - Pipistrellus pipistrellus.wav,0,0,1,0,0,27.819,type C\XC918811 - Common Pipistrelle - Pipistrellus pipistrellus.wav
XC918812 - Common Pipistrelle - Pipistrellus pipistrellus.wav,0,0,1,0,0,20.1635,type C\XC918812 - Common Pipistrelle - Pipistrellus pipistrellus.wav
XC918813 - Common Pipistrelle - Pipistrellus pipistrellus.wav,0,0,1,0,0,6.433,type C\XC918813 - Common Pipistrelle - Pipistrellus pipistrellus.wav
XC918814 - Common Pipistrelle - Pipistrellus pipistrellus.wav,0,0,1,0,0,5.4905,type C\XC918814 - Common Pipistrelle - Pipistrellus pipistrellus.wav
XC918925 - Common Pipistrelle - Pipistrellus pipistrellus.wav,0,0,1,0,0,29.9995,type C\XC918925 - Common Pipistrelle - Pipistrellus pipistrellus.wav
XC918943 - Common Pipistrelle - Pipistrellus pipistrellus.wav,0,0,1,0,1,22.983,type C\XC918943 - Common Pipistrelle - Pipistrellus pipistrellus.wav
XC918945 - Common Pipistrelle - Pipistrellus pipistrellus.wav,0,0,1,0,1,18.8355,type C\XC918945 - Common Pipistrelle - Pipistrellus pipistrellus.wav
XC918948 - Common Pipistrelle - Pipistrellus pipistrellus.wav,0,0,1,0,1,21.5955,type C\XC918948 - Common Pipistrelle - Pipistrellus pipistrellus.wav
XC918949 - Common Pipistrelle - Pipistrellus pipistrellus.wav,0,0,1,0,1,19.308,type C\XC918949 - Common Pipistrelle - Pipistrellus pipistrellus.wav
XC919716 - Common Pipistrelle - Pipistrellus pipistrellus.wav,0,0,1,0,1,29.9995,type C\XC919716 - Common Pipistrelle - Pipistrellus pipistrellus.wav
XC919720 - Common Pipistrelle - Pipistrellus pipistrellus.wav,0,0,1,0,1,5.837,type C\XC919720 - Common Pipistrelle - Pipistrellus pipistrellus.wav
XC919724 - Common Pipistrelle - Pipistrellus pipistrellus.wav,0,1,1,0,1,29.9995,type B\XC919724 - Common Pipistrelle - Pipistrellus pipistrellus.wav
XC919727 - Common Pipistrelle - Pipistrellus pipistrellus.wav,0,1,1,0,1,29.553,type B\XC919727 - Common Pipistrelle - Pipistrellus pipistrellus.wav
XC919755 - Common Pipistrelle - Pipistrellus pipistrellus.wav,0,0,1,0,1,17.041,type C\XC919755 - Common Pipistrelle - Pipistrellus pipistrellus.wav
XC919758 - Common Pipistrelle - Pipistrellus pipistrellus.wav,0,0,1,0,1,20.2015,type C\XC919758 - Common Pipistrelle - Pipistrellus pipistrellus.wav
XC919764 - Common Pipistrelle - Pipistrellus pipistrellus.wav,0,1,1,0,1,20.71,type B\XC919764 - Common Pipistrelle - Pipistrellus pipistrellus.wav
XC919769 - Common Pipistrelle - Pipistrellus pipistrellus.wav,0,0,1,0,1,29.9995,type C\XC919769 - Common Pipistrelle - Pipistrellus pipistrellus.wav
XC919772 - Common Pipistrelle - Pipistrellus pipistrellus.wav,0,0,1,0,1,29.9995,type C\XC919772 - Common Pipistrelle - Pipistrellus pipistrellus.wav
XC919779 - Common Pipistrelle - Pipistrellus pipistrellus.wav,0,0,1,0,1,20.2015,type C\XC919779 - Common Pipistrelle - Pipistrellus pipistrellus.wav
XC919780 - Common Pipistrelle - Pipistrellus pipistrellus.wav,0,0,1,0,1,8.241,type C\XC919780 - Common Pipistrelle - Pipistrellus pipistrellus.wav
XC919788 - Common Pipistrelle - Pipistrellus pipistrellus.wav,0,0,1,0,1,10.94,type C\XC919788 - Common Pipistrelle - Pipistrellus pipistrellus.wav
XC919818 - Common Pipistrelle - Pipistrellus pipistrellus.wav,0,1,1,0,1,29.9995,type B\XC919818 - Common Pipistrelle - Pipistrellus pipistrellus.wav
XC919819 - Common Pipistrelle - Pipistrellus pipistrellus.wav,0,0,1,0,1,29.9995,type C\XC919819 - Common Pipistrelle - Pipistrellus pipistrellus.wav
XC919860 - Common Pipistrelle - Pipistrellus pipistrellus.wav,0,1,0,0,1,11.612,type B\XC919860 - Common Pipistrelle - Pipistrellus pipistrellus.wav
XC919861 - Common Pipistrelle - Pipistrellus pipistrellus.wav,0,0,1,0,1,21.9255,type C\XC919861 - Common Pipistrelle - Pipistrellus pipistrellus.wav
XC920775 - Common Pipistrelle - Pipistrellus pipistrellus.wav,0,0,1,0,1,9.943,type C\XC920775 - Common Pipistrelle - Pipistrellus pipistrellus.wav
XC920840 - Common Pipistrelle - Pipistrellus pipistrellus.wav,0,0,1,0,1,6.588,type C\XC920840 - Common Pipistrelle - Pipistrellus pipistrellus.wav
XC920846 - Common Pipistrelle - Pipistrellus pipistrellus.wav,0,0,1,0,1,29.9995,type C\XC920846 - Common Pipistrelle - Pipistrellus pipistrellus.wav
XC920848 - Common Pipistrelle - Pipistrellus pipistrellus.wav,0,1,1,0,1,29.9995,type B\XC920848 - Common Pipistrelle - Pipistrellus pipistrellus.wav
XC920854 - Common Pipistrelle - Pipistrellus pipistrellus.wav,0,1,1,0,1,29.9995,type B\XC920854 - Common Pipistrelle - Pipistrellus pipistrellus.wav
XC920859 - Common Pipistrelle - Pipistrellus pipistrellus.wav,0,0,1,0,1,29.9995,type C\XC920859 - Common Pipistrelle - Pipistrellus pipistrellus.wav
XC920860 - Common Pipistrelle - Pipistrellus pipistrellus.wav,0,1,0,0,1,26.287,type B\XC920860 - Common Pipistrelle - Pipistrellus pipistrellus.wav
XC920861 - Common Pipistrelle - Pipistrellus pipistrellus.wav,0,0,1,0,1,9.131,type C\XC920861 - Common Pipistrelle - Pipistrellus pipistrellus.wav
XC920862 - Common Pipistrelle - Pipistrellus pipistrellus.wav,0,0,1,0,1,20.7765,type C\XC920862 - Common Pipistrelle - Pipistrellus pipistrellus.wav
XC921407 - Common Pipistrelle - Pipistrellus pipistrellus.wav,0,0,1,0,1,19.045,type C\XC921407 - Common Pipistrelle - Pipistrellus pipistrellus.wav
XC921408 - Common Pipistrelle - Pipistrellus pipistrellus.wav,0,0,1,0,1,19.5195,type C\XC921408 - Common Pipistrelle - Pipistrellus pipistrellus.wav
XC921409 - Common Pipistrelle - Pipistrellus pipistrellus.wav,0,0,1,0,1,55.19,type C\XC921409 - Common Pipistrelle - Pipistrellus pipistrellus.wav
XC921411 - Common Pipistrelle - Pipistrellus pipistrellus.wav,0,0,1,0,1,28.2375,type C\XC921411 - Common Pipistrelle - Pipistrellus pipistrellus.wav
XC921484 - Common Pipistrelle - Pipistrellus pipistrellus.wav,0,0,1,0,1,14.9995,type C\XC921484 - Common Pipistrelle - Pipistrellus pipistrellus.wav
XC921893 - Common Pipistrelle - Pipistrellus pipistrellus.wav,0,0,1,0,1,12.8075,type C\XC921893 - Common Pipistrelle - Pipistrellus pipistrellus.wav
XC921896 - Common Pipistrelle - Pipistrellus pipistrellus.wav,0,0,0,0,1,10.3235,Echolocation\XC921896 - Common Pipistrelle - Pipistrellus pipistrellus.wav
XC922425 - Common Pipistrelle - Pipistrellus pipistrellus.wav,0,0,1,0,1,19.9995,type C\XC922425 - Common Pipistrelle - Pipistrellus pipistrellus.wav
XC922426 - Common Pipistrelle - Pipistrellus pipistrellus.wav,0,0,1,0,1,19.9995,type C\XC922426 - Common Pipistrelle - Pipistrellus pipistrellus.wav
XC922429 - Common Pipistrelle - Pipistrellus pipistrellus.wav,0,0,1,0,1,19.9995,type C\XC922429 - Common Pipistrelle - Pipistrellus pipistrellus.wav
XC922434 - Common Pipistrelle - Pipistrellus pipistrellus.wav,0,0,1,0,1,19.9995,type C\XC922434 - Common Pipistrelle - Pipistrellus pipistrellus.wav
XC922437 - Common Pipistrelle - Pipistrellus pipistrellus.wav,0,0,1,0,1,19.9995,type C\XC922437 - Common Pipistrelle - Pipistrellus pipistrellus.wav
XC922443 - Common Pipistrelle - Pipistrellus pipistrellus.wav,0,0,1,0,1,19.9995,type C\XC922443 - Common Pipistrelle - Pipistrellus pipistrellus.wav
XC922446 - Common Pipistrelle - Pipistrellus pipistrellus.wav,0,0,1,0,1,19.9995,type C\XC922446 - Common Pipistrelle - Pipistrellus pipistrellus.wav
XC922450 - Common Pipistrelle - Pipistrellus pipistrellus.wav,0,0,1,0,1,19.9995,type C\XC922450 - Common Pipistrelle - Pipistrellus pipistrellus.wav
XC925302 - Common Pipistrelle - Pipistrellus pipistrellus.wav,0,0,0,1,1,29.9995,type D\XC925302 - Common Pipistrelle - Pipistrellus pipistrellus.wav
XC925842 - Common Pipistrelle - Pipistrellus pipistrellus.wav,0,0,0,1,1,18.4565,type D\XC925842 - Common Pipistrelle - Pipistrellus pipistrellus.wav
XC925990 - Common Pipistrelle - Pipistrellus pipistrellus.wav,0,0,0,0,1,9.827114583333334,Echolocation\XC925990 - Common Pipistrelle - Pipistrellus pipistrellus.wav
XC926250 - Common Pipistrelle - Pipistrellus pipistrellus.wav,0,0,1,0,1,11.0705,type C\XC926250 - Common Pipistrelle - Pipistrellus pipistrellus.wav
XC926374 - Common Pipistrelle - Pipistrellus pipistrellus.wav,0,0,0,1,1,8.4015,type D\XC926374 - Common Pipistrelle - Pipistrellus pipistrellus.wav
XC928049 - Common Pipistrelle - Pipistrellus pipistrellus.wav,0,0,0,0,1,15.263,Echolocation\XC928049 - Common Pipistrelle - Pipistrellus pipistrellus.wav
XC928509 - Common Pipistrelle - Pipistrellus pipistrellus.wav,0,0,0,0,1,7.334330729166667,Echolocation\XC928509 - Common Pipistrelle - Pipistrellus pipistrellus.wav
XC928550 - Common Pipistrelle - Pipistrellus pipistrellus.wav,0,0,0,0,1,13.382802083333333,Echolocation\XC928550 - Common Pipistrelle - Pipistrellus pipistrellus.wav
XC928551 - Common Pipistrelle - Pipistrellus pipistrellus.wav,0,0,0,0,1,52.6983046875,Echolocation\XC928551 - Common Pipistrelle - Pipistrellus pipistrellus.wav
XC928623 - Common Pipistrelle - Pipistrellus pipistrellus.wav,0,0,0,0,1,52.678484375,Echolocation\XC928623 - Common Pipistrelle - Pipistrellus pipistrellus.wav
XC928994 - Common Pipistrelle - Pipistrellus pipistrellus.wav,1,1,0,0,0,16.5965,type A\XC928994 - Common Pipistrelle - Pipistrellus pipistrellus.wav
XC928996 - Common Pipistrelle - Pipistrellus pipistrellus.wav,0,1,0,0,1,29.9995,type B\XC928996 - Common Pipistrelle - Pipistrellus pipistrellus.wav
XC928997 - Common Pipistrelle - Pipistrellus pipistrellus.wav,0,1,0,0,1,26.058,type B\XC928997 - Common Pipistrelle - Pipistrellus pipistrellus.wav
XC930252 - Common Pipistrelle - Pipistrellus pipistrellus.wav,0,0,1,0,1,19.0255,type C\XC930252 - Common Pipistrelle - Pipistrellus pipistrellus.wav
XC930778 - Common Pipistrelle - Pipistrellus pipistrellus.wav,0,0,1,0,1,19.32,type C\XC930778 - Common Pipistrelle - Pipistrellus pipistrellus.wav
XC932495 - Common Pipistrelle - Pipistrellus pipistrellus.wav,0,0,0,1,0,29.9995,type D\XC932495 - Common Pipistrelle - Pipistrellus pipistrellus.wav
XC932935 - Common Pipistrelle - Pipistrellus pipistrellus.wav,0,0,1,1,1,8.3295,type C\XC932935 - Common Pipistrelle - Pipistrellus pipistrellus.wav
XC933072 - Common Pipistrelle - Pipistrellus pipistrellus.wav,0,0,0,1,1,29.9995,type D\XC933072 - Common Pipistrelle - Pipistrellus pipistrellus.wav
XC934063 - Common Pipistrelle - Pipistrellus pipistrellus.wav,0,0,0,1,1,29.9995,type D\XC934063 - Common Pipistrelle - Pipistrellus pipistrellus.wav
XC934344 - Common Pipistrelle - Pipistrellus pipistrellus.wav,0,0,0,1,1,23.7765,type D\XC934344 - Common Pipistrelle - Pipistrellus pipistrellus.wav
XC935110 - Common Pipistrelle - Pipistrellus pipistrellus.wav,0,0,0,1,1,29.9995,type D\XC935110 - Common Pipistrelle - Pipistrellus pipistrellus.wav
XC935114 - Common Pipistrelle - Pipistrellus pipistrellus.wav,0,0,0,1,1,29.9995,type D\XC935114 - Common Pipistrelle - Pipistrellus pipistrellus.wav
XC935296 - Common Pipistrelle - Pipistrellus pipistrellus.wav,0,0,0,1,1,14.9995,type D\XC935296 - Common Pipistrelle - Pipistrellus pipistrellus.wav
XC935325 - Common Pipistrelle - Pipistrellus pipistrellus.wav,0,0,0,1,1,29.9995,type D\XC935325 - Common Pipistrelle - Pipistrellus pipistrellus.wav
XC935729 - Common Pipistrelle - Pipistrellus pipistrellus.wav,0,0,1,1,1,22.521,type C\XC935729 - Common Pipistrelle - Pipistrellus pipistrellus.wav
XC936611 - Common Pipistrelle - Pipistrellus pipistrellus.wav,0,0,0,0,1,0.0,Echolocation\XC936611 - Common Pipistrelle - Pipistrellus pipistrellus.wav
XC938943 - Common Pipistrelle - Pipistrellus pipistrellus.wav,0,0,1,0,1,59.51,type C\XC938943 - Common Pipistrelle - Pipistrellus pipistrellus.wav
XC963233 - Common Pipistrelle - Pipistrellus pipistrellus.wav,1,0,0,0,0,2.0209664,type A\XC963233 - Common Pipistrelle - Pipistrellus pipistrellus.wav
XC963234 - Common Pipistrelle - Pipistrellus pipistrellus.wav,1,0,0,0,0,3.8117376,type A\XC963234 - Common Pipistrelle - Pipistrellus pipistrellus.wav
XC963235 - Common Pipistrelle - Pipistrellus pipistrellus.wav,1,0,0,0,0,13.5168,type A\XC963235 - Common Pipistrelle - Pipistrellus pipistrellus.wav
